{
  "threshold":0.1,
  "train_metrics":{
    "precision":0.9996452643,
    "recall":0.9996452643,
    "f1":0.9996452643
  },
  "n_edges":573515,
  "n_users":100000,
  "n_families":19637
}