precision,recall,f1,threshold_fit
0.9996452642781128,0.9996452642781128,0.9996452642781128,0.65
